tar_name,filepath,hash
timeseries_png_3d71d377,3_visualize/out/timeseries_AK.png,3d4e2ba8c1388aa6
timeseries_png_43c2df5d,3_visualize/out/timeseries_AL.png,9f585d4835f78dd4
timeseries_png_dd48b028,3_visualize/out/timeseries_AR.png,f28b95ae223e0df9
timeseries_png_0d5ce0b9,3_visualize/out/timeseries_AZ.png,50323b4f03f7ee3b
timeseries_png_5d5c72ab,3_visualize/out/timeseries_CA.png,7fc09f1a24e62c59
timeseries_png_9502ab67,3_visualize/out/timeseries_CO.png,5373a5a26c6df507
timeseries_png_6464e599,3_visualize/out/timeseries_CT.png,859eda2d26796bb5
timeseries_png_c1d3da9a,3_visualize/out/timeseries_DC.png,180be0cc1354b8de
timeseries_png_01f8e7a6,3_visualize/out/timeseries_DE.png,b76ed275320196d7
timeseries_png_6d3d5905,3_visualize/out/timeseries_FL.png,aecfd683d5769570
timeseries_png_3e1b40d0,3_visualize/out/timeseries_GA.png,222e03319bc21d6a
timeseries_png_9b4f5f72,3_visualize/out/timeseries_HI.png,b05abca5fd2ee5a2
timeseries_png_8993da20,3_visualize/out/timeseries_IA.png,10eab251e7dc5b06
timeseries_png_9d59e990,3_visualize/out/timeseries_ID.png,2345cd32ffae5db1
timeseries_png_fc981058,3_visualize/out/timeseries_IL.png,183f0ec75c1db3ee
timeseries_png_e27dea1a,3_visualize/out/timeseries_IN.png,a73c92c39d7e040b
timeseries_png_08113037,3_visualize/out/timeseries_KS.png,0a8f31c6d3e55ab2
timeseries_png_198a35d0,3_visualize/out/timeseries_KY.png,874e90a4a79e76e3
timeseries_png_5984c2fa,3_visualize/out/timeseries_LA.png,530cfd23fdc4d15c
timeseries_png_6d6403d6,3_visualize/out/timeseries_MA.png,b65d673a605c455b
timeseries_png_7f5e84a3,3_visualize/out/timeseries_MD.png,7a6a30a94ae9d647
timeseries_png_9ffcbfb6,3_visualize/out/timeseries_ME.png,b7bfb1c283a523c3
timeseries_png_222397b7,3_visualize/out/timeseries_MI.png,3c79fc50b934a427
timeseries_png_ad687848,3_visualize/out/timeseries_MN.png,39e842880981f412
timeseries_png_be98c43d,3_visualize/out/timeseries_MO.png,08b3dad8c660ac5b
timeseries_png_bf0ed005,3_visualize/out/timeseries_MS.png,37fed79db5ccc241
timeseries_png_d6dbef7d,3_visualize/out/timeseries_MT.png,edf633fff6232244
timeseries_png_52499af9,3_visualize/out/timeseries_NC.png,3c35ca081a1b5005
timeseries_png_bf7b621a,3_visualize/out/timeseries_ND.png,d10ab860475067ef
timeseries_png_977ffe2e,3_visualize/out/timeseries_NE.png,2cc293a73dccd862
timeseries_png_004881a2,3_visualize/out/timeseries_NH.png,7e8ac7e334960a6b
timeseries_png_c43df290,3_visualize/out/timeseries_NJ.png,bef601694b64dbf3
timeseries_png_66fbe0ce,3_visualize/out/timeseries_NM.png,2601f4eafa47bd13
timeseries_png_2701b276,3_visualize/out/timeseries_NV.png,11d03ec68c024ebf
timeseries_png_983dd8f1,3_visualize/out/timeseries_NY.png,5a673e315acf83c1
timeseries_png_89214a62,3_visualize/out/timeseries_OH.png,c07aca20e65029d7
timeseries_png_96df3714,3_visualize/out/timeseries_OK.png,f0280b6502df5f4b
timeseries_png_5fe309bc,3_visualize/out/timeseries_OR.png,4ab1b2b34bada36b
timeseries_png_edbf1c16,3_visualize/out/timeseries_PA.png,fe3978e72b4a8def
timeseries_png_106addb5,3_visualize/out/timeseries_PR.png,cc015e8338dc912e
timeseries_png_8fc6f938,3_visualize/out/timeseries_RI.png,8b64ddb43575ffa0
timeseries_png_50a192ab,3_visualize/out/timeseries_SC.png,1a57d6f5a0cffa6d
timeseries_png_0f7af157,3_visualize/out/timeseries_SD.png,9049305e1986e59d
timeseries_png_4713a8f2,3_visualize/out/timeseries_TN.png,761ff87d2065ffe9
timeseries_png_50b086ce,3_visualize/out/timeseries_TX.png,845e1ce611745d3f
timeseries_png_dabada8d,3_visualize/out/timeseries_UT.png,4c9073f31c476714
timeseries_png_f602e775,3_visualize/out/timeseries_VA.png,c9e30b16fa2f4124
timeseries_png_8025de45,3_visualize/out/timeseries_WA.png,647a8c7671fed02b
timeseries_png_69a716a0,3_visualize/out/timeseries_WI.png,bf385880576aa413
timeseries_png_79cdacbc,3_visualize/out/timeseries_WV.png,1bdf33f51db88d65
timeseries_png_1239eae2,3_visualize/out/timeseries_WY.png,e791f31803369063
